{
    "BoxCollider": {
        "offset": [
            0.0,
            0.0,
            0.0
        ],
        "size": [
            1.0,
            1.0,
            1.0
        ]
    },
    "Tag": {
        "name": "Enemy"
    },
    "Transform": {
        "pos": [
            8.968971252441406,
            0.0,
            -0.0916825532913208
        ],
        "rot": [
            0.0,
            -0.0,
            0.0
        ],
        "scl": [
            1.0,
            1.0,
            1.0
        ]
    }
}