{
    "BoxCollider": {
        "offset": [
            0.0,
            0.0,
            0.0
        ],
        "size": [
            1.0,
            1.0,
            1.0
        ]
    },
    "MeshComponent": {
        "color": [
            1.0,
            1.0,
            1.0,
            1.0
        ],
        "key": "hero",
        "scale": [
            0.10000000149011612,
            0.10000000149011612,
            0.10000000149011612
        ]
    },
    "PlayerInput": {
        "jump": 5.0,
        "speed": 3.0
    },
    "Tag": {
        "name": "Player"
    },
    "Transform": {
        "pos": [
            0.0,
            0.0,
            0.0
        ],
        "rot": [
            0.0,
            0.0,
            0.0
        ],
        "scl": [
            1.0,
            1.0,
            1.0
        ]
    },
    "Velocity": {
        "x": 0.0,
        "y": 0.0,
        "z": 0.0
    }
}